<?xml version="1.0" encoding="utf-8" standalone="yes" ?>
<rss version="2.0" xmlns:atom="http://www.w3.org/2005/Atom">
  <channel>
    <title>Blog - Markus Witzlsperger</title>
    <link>http://www.witzlsperger.de/blog/</link>
    <description>Recent content in Blog on Markus Witzlsperger</description>
    <generator>Hugo -- gohugo.io</generator>
    <language>de-de</language>
    <lastBuildDate>Wed, 06 Mar 2019 10:34:32 +0100</lastBuildDate>
    
        <atom:link href="http://www.witzlsperger.de/blog/index.xml" rel="self" type="application/rss+xml" />
    
    <item>
      <title>Hello</title>
      <link>http://www.witzlsperger.de/blog/hello/</link>
      <pubDate>Wed, 06 Mar 2019 10:34:32 +0100</pubDate>
      
      <guid>http://www.witzlsperger.de/blog/hello/</guid>
      <description>Dies ist ein kleines Turtorial für HTML</description>
    </item><item>
      <title>Hello World</title>
      <link>http://www.witzlsperger.de/blog/hello-world/</link>
      <pubDate>Wed, 06 Mar 2019 10:34:32 +0100</pubDate>
      
      <guid>http://www.witzlsperger.de/blog/hello-world/</guid>
      <description>Dies ist ein kleines Turtorial für JS und CSS</description>
    </item>
  </channel>
</rss>