<?xml version="1.0" encoding="utf-8" standalone="yes" ?>
<rss version="2.0" xmlns:atom="http://www.w3.org/2005/Atom">
  <channel>
    <title>Datenschutzerklärung - Markus Witzlsperger</title>
    <link>http://www.witzlsperger.de/datenschutz/</link>
    <description>Recent content in Datenschutzerklärung on Markus Witzlsperger</description>
    <generator>Hugo -- gohugo.io</generator>
    <language>de-de</language>
    <lastBuildDate>Tue, 12 Mar 2019 16:55:44 +0100</lastBuildDate>
    
        <atom:link href="http://www.witzlsperger.de/datenschutz/index.xml" rel="self" type="application/rss+xml" />
    
    
  </channel>
</rss>