<?xml version="1.0" encoding="utf-8" standalone="yes" ?>
<rss version="2.0" xmlns:atom="http://www.w3.org/2005/Atom">
  <channel>
    <title>Categories - Markus Witzlsperger</title>
    <link>http://www.witzlsperger.de/categories/</link>
    <description>Recent content in Categories on Markus Witzlsperger</description>
    <generator>Hugo -- gohugo.io</generator>
    <language>de-de</language>
    
        <atom:link href="http://www.witzlsperger.de/categories/index.xml" rel="self" type="application/rss+xml" />
    
    
  </channel>
</rss>